Artist,Birth Year,Death Year,Title,Date,Type,Sale Date,Auction House,Lot Info,Estimate Low,Estimate High,Price Sold,Price Type
Zhang Ruitu ,1576,1641,Li bai's poem in running script,N/A,Works on Paper,"October 01, 2017",Sotheby's Hong Kong,Fine Classical Chinese Paintings,"33,332","41,024",N/A,Bought In
Zhang Ruitu ,1576,1641,Wang Wei's poem in cursive script,N/A,Works on Paper,"October 01, 2017",Sotheby's Hong Kong,Fine Classical Chinese Paintings,"23,076","28,204","28,845",Premium
Zhang Ruitu ,1576,1641,Moon and Mount,N/A,Works on Paper,"June 05, 2017",Poly International Auction Beijing,2017 Spring Sales - More Sublime When Looking Up: Chinese Classical Paintings And Calligraphy Evening Sale,"293,800","440,700","337,870",Premium
Zhang Ruitu ,1576,1641,Studying and Tutoring,N/A,Works on Paper,"May 29, 2017",Christie's Hong Kong,Fine Chinese Classical Paintings and Calligraphy,"76,980","128,300",N/A,Bought In
Zhang Ruitu ,1576,1641,Seven-character poem on fan,N/A,Works on Paper,"December 05, 2016",Poly International Auction Beijing,2016 Autumn Sales - Connoisseurship in Ancient Arts:Chinese Classical Paintings and Calligraphy Day Sale,"58,040","87,060","80,095",Premium
Zhang Ruitu ,1576,1641,Scholars in Landscape,1642,Works on Paper,"November 28, 2016",Christie's Hong Kong,Fine Chinese Classical Paintings and Calligraphy,"25,779","51,559",N/A,Bought In
Zhang Ruitu ,1576,1641,Five-character Poem in Running Script,N/A,Works on Paper,"November 28, 2016",Christie's Hong Kong,Fine Chinese Classical Paintings and Calligraphy,"90,229","116,009","193,349",Premium
Zhang Ruitu ,1576,1641,Calligraphy in Running Script,N/A,Works on Paper,"November 14, 2016",China Guardian  Beijing,China Guardian 2016 Autumn Auctions - Classical Chinese Painting and Calligraphy,"55,556","70,176",N/A,Bought In
Zhang Ruitu ,1576,1641,Calligraphy in Cursive Script,1631,Works on Paper,"November 13, 2016",China Guardian  Beijing,China Guardian 2016 Autumn Auctions - Grand View: Chinese Painting Highlight Â· Classical,"293,600","440,400",N/A,Bought In
Zhang Ruitu ,1576,1641,[Untitiled],N/A,Works on Paper,"November 11, 2016",Poly International Auction Beijing,The 36th Fine Arts Auction - Memorize - A Fine Classic Chinese Paintings and Calligraphy Special,N/A,N/A,"2,024",Premium
Zhang Ruitu ,1576,1641,[Untitiled],N/A,Works on Paper,"November 11, 2016",Poly International Auction Beijing,The 36th Fine Arts Auction - Memorize - A Fine Classic Chinese Paintings and Calligraphy Special,N/A,N/A,"2,024",Premium
Zhang Ruitu ,1576,1641,Poem in Running Script,N/A,Works on Paper,"October 03, 2016",Sotheby's Hong Kong,Fine Classical Chinese Paintings,"77,339","103,119","96,674",Premium
Zhang Ruitu ,1576,1641,Landscape,N/A,Works on Paper,"September 25, 2016",China Guardian  Beijing,47th China Guardian Quarterly Auctions - Classical Chinese Painting and Calligraphy,"22,485","37,475",N/A,Bought In
Zhang Ruitu ,1576,1641,Calligraphy,N/A,Works on Paper,"September 25, 2016",China Guardian  Beijing,47th China Guardian Quarterly Auctions - Classical Chinese Painting and Calligraphy,"5,246","8,244","13,446",Premium
Zhang Ruitu ,1576,1641,Calligraphy,N/A,Works on Paper,"September 25, 2016",China Guardian  Beijing,47th China Guardian Quarterly Auctions - Classical Chinese Painting and Calligraphy,"7,495","11,992",N/A,Bought In
Zhang Ruitu ,1576,1641,Calligraphy,N/A,Works on Paper,"September 25, 2016",China Guardian  Beijing,47th China Guardian Quarterly Auctions - Classical Chinese Painting and Calligraphy,"11,992","17,988",N/A,Bought In
Zhang Ruitu ,1576,1641,Eighteen Luohan,N/A,Works on Paper,"September 15, 2016",Sotheby's New York,Fine Classical Chinese Paintings & Calligraphy,"500,000","700,000","2,230,000",Premium
Zhang Ruitu ,1576,1641,Distant mountains,1635,Works on Paper,"June 25, 2016",Xiling Yinshe Hangzhou,2016 Spring Auction,"52,858","75,512","60,787",Premium
Zhang Ruitu ,1576,1641,Calligraphy,N/A,Works on Paper,"June 06, 2016",Poly International Auction Beijing,Connoisseurship in Ancient Arts:Chinese Classical Paintings and Calligraphy Day Sale,"228,496","396,060",N/A,Bought In
Zhang Ruitu ,1576,1641,Calligraphy,N/A,Works on Paper,"June 05, 2016",Poly International Auction Beijing,More Sublime When Looking Up Chinese Classical Paintings and Calligraphy Evening Sale,"60,912","91,368","87,561",Premium
Zhang Ruitu ,1576,1641,Calligraphy,N/A,Works on Paper,"June 05, 2016",Poly International Auction Beijing,More Sublime When Looking Up Chinese Classical Paintings and Calligraphy Evening Sale,"60,912","91,368","70,049",Premium
Zhang Ruitu ,1576,1641,Calligraphy,N/A,Works on Paper,"June 05, 2016",Poly International Auction Beijing,More Sublime When Looking Up Chinese Classical Paintings and Calligraphy Evening Sale,"532,984","989,827","700,493",Premium
Zhang Ruitu ,1576,1641,Five-Character Poem in Cursive Script,N/A,Works on Paper,"May 16, 2016",China Guardian  Beijing,China Guardian 2016 Spring Auctions - Classical Chinese Painting and Calligraphy,"229,989","306,652","264,487",Premium
Zhang Ruitu ,1576,1641,Calligraphy in Cursive Script,N/A,Works on Paper,"May 16, 2016",China Guardian  Beijing,China Guardian 2016 Spring Auctions - Classical Chinese Painting and Calligraphy,"337,317","429,312",N/A,Bought In
Zhang Ruitu ,1576,1641,Calligraphy in Cursive Script,N/A,Works on Paper,"May 16, 2016",China Guardian  Beijing,China Guardian 2016 Spring Auctions - Classical Chinese Painting and Calligraphy,"183,991","275,986",N/A,Bought In
Zhang Ruitu ,1576,1641,Landscape,N/A,Works on Paper,"March 28, 2016",China Guardian  Beijing,45th China Guardian Quarterly Auction - Classical Chinese Painting and Calligraphy,"76,610","91,932","185,014",Premium
Zhang Ruitu ,1576,1641,Banana Leaves and Rock,N/A,Works on Paper,"March 28, 2016",China Guardian  Beijing,45th China Guardian Quarterly Auction - Classical Chinese Painting and Calligraphy,919,"1,378",N/A,Bought In
Zhang Ruitu ,1576,1641,Calligraphy,N/A,Works on Paper,"March 28, 2016",China Guardian  Beijing,45th China Guardian Quarterly Auction - Classical Chinese Painting and Calligraphy,459,919,N/A,Bought In
Zhang Ruitu ,1576,1641,Calligraphy,N/A,Works on Paper,"March 28, 2016",China Guardian  Beijing,45th China Guardian Quarterly Auction - Classical Chinese Painting and Calligraphy,"1,532","3,064",N/A,Bought In
Zhang Ruitu ,1576,1641,Calligraphy,N/A,Works on Paper,"March 28, 2016",China Guardian  Beijing,45th China Guardian Quarterly Auction - Classical Chinese Painting and Calligraphy,919,"1,378",N/A,Bought In
Zhang Ruitu ,1576,1641,Calligraphy,N/A,Works on Paper,"March 28, 2016",China Guardian  Beijing,45th China Guardian Quarterly Auction - Classical Chinese Painting and Calligraphy,"91,932","122,577",N/A,Bought In
Zhang Ruitu ,1576,1641,Calligraphy,N/A,Works on Paper,"March 28, 2016",China Guardian  Beijing,45th China Guardian Quarterly Auction - Classical Chinese Painting and Calligraphy,"19,152","27,579","42,289",Premium
Zhang Ruitu ,1576,1641,Landscape,N/A,Works on Paper,"December 20, 2015",China Guardian  Beijing,44th China Guardian Quarterly Auctions - Classical Chinese Painting and Calligraphy,"1,854","3,399","2,132",Premium
Zhang Ruitu ,1576,1641,Calligraphy,N/A,Works on Paper,"December 20, 2015",China Guardian  Beijing,44th China Guardian Quarterly Auctions - Classical Chinese Painting and Calligraphy,"3,090","6,180",N/A,Bought In
Zhang Ruitu ,1576,1641,Calligraphy,N/A,Works on Paper,"December 20, 2015",China Guardian  Beijing,44th China Guardian Quarterly Auctions - Classical Chinese Painting and Calligraphy,"7,726","12,361",N/A,Bought In
Zhang Ruitu ,1576,1641,Calligraphy,N/A,Works on Paper,"December 07, 2015",Poly International Auction Beijing,Chinese Classical Paintings and Calligraphy Evening Sale,"625,870","938,805","1,475,489",Premium
Zhang Ruitu ,1576,1641,Calligraphy,N/A,Works on Paper,"December 07, 2015",Poly International Auction Beijing,Chinese Classical Paintings and Calligraphy Evening Sale,"187,761","250,348","323,887",Premium
Zhang Ruitu ,1576,1641,Calligraphy album,N/A,Works on Paper,"December 07, 2015",Poly International Auction Beijing,Chinese Classical Paintings and Calligraphy Evening Sale,"531,989","782,337",N/A,Bought In
Zhang Ruitu ,1576,1641,Calligraphy in Running Script,N/A,Works on Paper,"November 30, 2015",Christie's Hong Kong,Fine Chinese Classical Paintings and Calligraphy,"10,322","12,903",N/A,Bought In
Zhang Ruitu ,1576,1641,Calligraphy in Cursive-Running Script,1625,Works on Paper,"November 30, 2015",Christie's Hong Kong,Fine Chinese Classical Paintings and Calligraphy,"103,226","129,033",N/A,Bought In
Zhang Ruitu ,1576,1641,Five-character Poem in Running Script Calligraphy,N/A,Works on Paper,"November 30, 2015",Christie's Hong Kong,Fine Chinese Classical Paintings and Calligraphy,"64,516","129,033","175,485",Premium
Zhang Ruitu ,1576,1641,Calligraphy in Cursive-running Script,N/A,Works on Paper,"November 30, 2015",Christie's Hong Kong,Fine Chinese Classical Paintings and Calligraphy,"103,226","129,033",N/A,Bought In
Zhang Ruitu ,1576,1641,Calligraphy in Cursive Script,1626,Works on Paper,"November 16, 2015",China Guardian  Beijing,China Guardian 2015 Autumn Auctions - Classical Chinese Painting and Calligraphy,"94,283","125,711",N/A,Bought In
Zhang Ruitu ,1576,1641,Calligraphy in Cursive Script,N/A,Works on Paper,"November 16, 2015",China Guardian  Beijing,China Guardian 2015 Autumn Auctions - Classical Chinese Painting and Calligraphy,"314,277","439,988",N/A,Bought In
Zhang Ruitu ,1576,1641,Calligraphy,N/A,Works on Paper,"November 16, 2015",China Guardian  Beijing,China Guardian 2015 Autumn Auctions - Classical Chinese Painting and Calligraphy,"628,555","785,694",N/A,Bought In
Zhang Ruitu ,1576,1641,Seven-character Couplet in Running Script,N/A,Works on Paper,"October 07, 2015",China Guardian Hong Kong,China Guardian Hong Kong 2015 Autumn Auctions - Chinese Painting and Calligraphy from the Four Seas (III),"10,323","15,484","109,633",Premium
Zhang Ruitu ,1576,1641,Calligraphy,N/A,Works on Paper,"September 21, 2015",China Guardian  Beijing,43rd China Guardian Quarterly Auctions - Classical Chinese Painting and Calligraphy,786,"1,573","2,171",Premium
Zhang Ruitu ,1576,1641,Calligraphy,N/A,Works on Paper,"September 21, 2015",China Guardian  Beijing,43rd China Guardian Quarterly Auctions - Classical Chinese Painting and Calligraphy,"1,258","2,360","2,171",Premium
Zhang Ruitu ,1576,1641,Calligraphy,N/A,Works on Paper,"September 21, 2015",China Guardian  Beijing,43rd China Guardian Quarterly Auctions - Classical Chinese Painting and Calligraphy,"4,721","7,868",N/A,Bought In
Zhang Ruitu ,1576,1641,Landscape,N/A,Works on Paper,"September 11, 2015",Xiling Yinshe Hangzhou,Shao xing 2015 Autumn Auction,"3,926","7,852","6,863",Premium
Zhang Ruitu ,1576,1641,Appreciating waterfall,N/A,Works on Paper,"July 04, 2015",Xiling Yinshe Hangzhou,2015 Spring Auction,"29,001","40,279","62,997",Premium
Zhang Ruitu ,1576,1641,Calligraphy,N/A,Works on Paper,"June 28, 2015",China Guardian  Beijing,42nd China Guardian Quarterly Auctions - Classical Chinese Painting and Calligraphy,"4,839","8,065","7,791",Premium
Zhang Ruitu ,1576,1641,Calligraphy,N/A,Works on Paper,"June 06, 2015",Poly International Auction Beijing,Ancient Chinese Paintings and Calligraphy,"80,600","128,960",N/A,Bought In
Zhang Ruitu ,1576,1641,Calligraphy,N/A,Works on Paper,"June 06, 2015",Poly International Auction Beijing,Ancient Chinese Paintings and Calligraphy,"153,140","241,800",N/A,Bought In
Zhang Ruitu ,1576,1641,Calligraphy,N/A,Works on Paper,"June 06, 2015",Poly International Auction Beijing,Ancient Chinese Paintings and Calligraphy,"241,800","322,400","278,070",Premium
Zhang Ruitu ,1576,1641,Calligraphy,N/A,Works on Paper,"June 05, 2015",Poly International Auction Beijing,Ancient Chinese Paintings and Calligraphy Evening Sale,"290,739","452,262","557,251",Premium
Zhang Ruitu ,1576,1641,Calligraphy,N/A,Works on Paper,"June 04, 2015",Poly International Auction Beijing,A Collection of Ming & Qing Dynasties Sectors from Niyugong,"96,964","161,608","115,226",Premium
Zhang Ruitu ,1576,1641,Five-character Poem in Running-Cursive Script,N/A,Works on Paper,"June 01, 2015",Christie's Hong Kong,Fine Chinese Classical Paintings and Calligraphy,"128,988","257,977","1,088,664",Premium
Zhang Ruitu ,1576,1641,Five-character Poem in Cursive Script,N/A,Works on Paper,"June 01, 2015",Christie's Hong Kong,Fine Chinese Classical Paintings and Calligraphy,"51,595","77,393",N/A,Bought In
Zhang Ruitu ,1576,1641,Seven-character Poem in Cursive Script,N/A,Works on Paper,"June 01, 2015",Christie's Hong Kong,Fine Chinese Classical Paintings and Calligraphy,"7,739","10,319",N/A,Bought In
Zhang Ruitu ,1576,1641,Calligraphy,N/A,Works on Paper,"April 03, 2015",China Guardian  Beijing,41st China Guardian Quarterly Auctions - Classical Chinese Painting and Calligraphy,"4,848","9,697",N/A,Bought In
Zhang Ruitu ,1576,1641,Du Fu's Poem in Cursive Script,N/A,Works on Paper,"March 19, 2015",Sotheby's New York,Fine Classical Chinese Paintings & Calligraphy,"20,000","30,000","62,500",Premium
Zhang Ruitu ,1576,1641,Calligraphy in Running Script,1632,Works on Paper,"March 19, 2015",Sotheby's New York,Fine Classical Chinese Paintings & Calligraphy,"20,000","30,000","81,250",Premium
Zhang Ruitu ,1576,1641,Meng Haoran?s Poem in Cursive Script,N/A,Works on Paper,"March 19, 2015",Sotheby's New York,Fine Classical Chinese Paintings & Calligraphy,"80,000","100,000","298,000",Premium
Attributed to Zhang Ruitu ,1576,1641,Fishing under a willow tree,1621,Works on Paper,"March 18, 2015",Christie's New York,"The Collection of Robert Hatfield Ellsworth Part II: Chinese Furniture, Works of Art and Chinese Paintings",N/A,N/A,"9,375",Premium
Zhang Ruitu ,1576,1641,Untitled,N/A,Works on Paper,"January 25, 2015",Poly International Auction Beijing,Spring Greeting - Chinese Paintings & Calligraphy,N/A,N/A,"2,754",Premium
Zhang Ruitu ,1576,1641,Untitled,N/A,Works on Paper,"January 25, 2015",Poly International Auction Beijing,Spring Greeting - Chinese Paintings & Calligraphy,N/A,N/A,"1,469",Premium
Zhang Ruitu ,1576,1641,Calligraphy,N/A,Works on Paper,"December 21, 2014",China Guardian  Beijing,40th China Guardian Quarterly Auctions - Classical Chinese Painting and Calligraphy,"2,896","4,505","3,330",Premium
Zhang Ruitu ,1576,1641,Calligraphy,N/A,Works on Paper,"December 21, 2014",China Guardian  Beijing,40th China Guardian Quarterly Auctions - Classical Chinese Painting and Calligraphy,"4,827","9,654",N/A,Bought In
Zhang Ruitu ,1576,1641,Autumn mountain,N/A,Works on Paper,"December 13, 2014",Xiling Yinshe Hangzhou,10th Anniversary Celebration Auction,"129,360","194,040","167,359",Premium
Zhang Ruitu ,1576,1641,Calligraphy,N/A,Works on Paper,"December 03, 2014",Poly International Auction Beijing,Writing Brush With Great Power: Chinese Classical Calligraphy Special Sale,"325,293","487,940","374,087",Premium
Zhang Ruitu ,1576,1641,Calligraphy in Cursive Script,N/A,Works on Paper,"November 22, 2014",China Guardian  Beijing,China Guardian 2014 Autumn Auctions - Classical Chinese Painting and Calligraphy,"81,600","130,560",N/A,Bought In
Zhang Ruitu ,1576,1641,Landscape,N/A,Works on Paper,"September 22, 2014",China Guardian  Beijing,39th China Guardian Quarterly Auctions - Classical Chinese Painting and Calligraphy,"2,442","4,070","2,808",Premium
Zhang Ruitu ,1576,1641,Calligraphy,N/A,Works on Paper,"September 22, 2014",China Guardian  Beijing,39th China Guardian Quarterly Auctions - Classical Chinese Painting and Calligraphy,"8,140","13,024",N/A,Bought In
Zhang Ruitu ,1576,1641,Calligraphy,N/A,Works on Paper,"September 22, 2014",China Guardian  Beijing,39th China Guardian Quarterly Auctions - Classical Chinese Painting and Calligraphy,"5,698","8,954",N/A,Bought In
Zhang Ruitu ,1576,1641,Calligraphy,N/A,Works on Paper,"June 22, 2014",China Guardian  Beijing,38th China Guardian Quarterly Auctions - Classical Chinese Painting and Calligraphy,"4,821","9,642",N/A,Bought In
Zhang Ruitu ,1576,1641,Calligraphy,N/A,Works on Paper,"June 22, 2014",China Guardian  Beijing,38th China Guardian Quarterly Auctions - Classical Chinese Painting and Calligraphy,"3,214","6,428",N/A,Bought In
Zhang Ruitu ,1576,1641,Landscape,N/A,Works on Paper,"June 04, 2014",Poly International Auction Beijing,Connoisseurship in Ancient Arts: Chinese Classical Paintings and Calligraphy Day Sale,"95,939","127,919",N/A,Bought In
Zhang Ruitu ,1576,1641,Calligraphy,N/A,Works on Paper,"June 04, 2014",Poly International Auction Beijing,Writing Brush With Great Power: Chinese Classical Calligraphy Special Sale,"127,919","191,879","161,818",Premium
Zhang Ruitu ,1576,1641,Poem in Cursive Script Calligraphy,N/A,Works on Paper,"May 26, 2014",Christie's Hong Kong,Fine Chinese Classical Paintings and Calligraphy,"90,300","116,100","237,360",Premium
Zhang Ruitu ,1576,1641,Landscape,1631,Works on Paper,"May 25, 2014",Bonhams Hong Kong,Chinese Paintings and Calligraphy,"49,020","64,500",N/A,Bought In
Zhang Ruitu ,1576,1641,Calligraphy,N/A,Works on Paper,"March 25, 2014",China Guardian  Beijing,37th China Guardian Quarterly Auctions - Classical Chinese Painting and Calligraphy,"1,286","1,929","46,230",Premium
Zhang Ruitu ,1576,1641,Landscape,N/A,Works on Paper,"March 25, 2014",China Guardian  Beijing,37th China Guardian Quarterly Auctions - Classical Chinese Painting and Calligraphy,"4,502","6,110",N/A,Bought In
Zhang Ruitu ,1576,1641,Calligraphy,N/A,Works on Paper,"March 25, 2014",China Guardian  Beijing,37th China Guardian Quarterly Auctions - Classical Chinese Painting and Calligraphy,"1,929","3,537","2,219",Premium
Zhang Ruitu ,1576,1641,Calligraphy,N/A,Works on Paper,"March 25, 2014",China Guardian  Beijing,37th China Guardian Quarterly Auctions - Classical Chinese Painting and Calligraphy,"1,608","3,216",N/A,Bought In
Zhang Ruitu ,1576,1641,Poem in cursive script,N/A,Works on Paper,"March 20, 2014",Sotheby's New York,Fine Classical Chinese Paintings & Calligraphy,"60,000","80,000","281,000",Premium
Zhang Ruitu ,1576,1641,Seven-character poem in cursive script,N/A,Works on Paper,"March 19, 2014",Christie's New York,Fine Chinese Paintings,"50,000","70,000",N/A,Bought In
Zhang Ruitu ,1576,1641,Landscape,N/A,Works on Paper,"December 15, 2013",China Guardian  Beijing,36th China Guardian Quarterly Auctions - Classical Chinese Painting and Calligraphy,"74,070","106,990",N/A,Bought In
Zhang Ruitu ,1576,1641,Calligraphy,N/A,Works on Paper,"December 15, 2013",China Guardian  Beijing,36th China Guardian Quarterly Auctions - Classical Chinese Painting and Calligraphy,"9,876","19,752","45,429",Premium
Zhang Ruitu ,1576,1641,Calligraphy,1625,Works on Paper,"December 03, 2013",Poly International Auction Beijing,2013 Autumn Auction: The Important Classical Chinese Paintings from Yi QingZhai Collection,"164,100","295,380","188,715",Premium
Zhang Ruitu ,1576,1641,Calligraphy,N/A,Works on Paper,"December 03, 2013",Poly International Auction Beijing,2013 Autumn Auction: Delighted with Ink and Wash: Classical Chinese Paintings and Calligraphies Evening Sale,"295,380","459,480",N/A,Bought In
Zhang Ruitu ,1576,1641,Seven-character Poems in Cursive Script,N/A,Works on Paper,"November 25, 2013",Christie's Hong Kong,The Su Zhu An Collection of Chinese Paintings and Inkstones,"129,000","193,500","779,160",Premium
Attributed to Zhang Ruitu ,1576,1641,Boating in the spring rain,N/A,Works on Paper,"November 24, 2013",Bonhams Hong Kong,"Fine Chinese Paintings - Classical, Modern & Contemporary Ink","19,350","32,250",N/A,Bought In
Zhang Ruitu ,1576,1641,Five Character Poem in Running Script,N/A,Works on Paper,"November 19, 2013",China Guardian  Beijing,China Guardian 2013 Autumn Auctions - Important Private Collections (VII) - (IX),"49,230","82,050","113,229",Premium
Zhang Ruitu ,1576,1641,Calligrpphy in Running Script,1636,Works on Paper,"November 19, 2013",China Guardian  Beijing,China Guardian 2013 Autumn Auctions - Classical Chinese Painting and Calligraphy,"131,280","196,920","434,044",Premium
Zhang Ruitu ,1576,1641,Calligraphy in Running Script,1633,Works on Paper,"November 16, 2013",China Guardian  Beijing,China Guardian 2013 Autumn Auctions - Grand View: Chinese Painting Highlight,"295,380","459,480","1,132,290",Premium
Zhang Ruitu ,1576,1641,Fan Leaves By Four Ming And Qing Masters,N/A,Works on Paper,"September 19, 2013",Sotheby's New York,Fine Classical Chinese Paintings & Calligraphy,"5,000","8,000","6,250",Premium
Zhang Ruitu ,1576,1641,Poem In Cursive Script,N/A,Works on Paper,"September 19, 2013",Sotheby's New York,Fine Classical Chinese Paintings & Calligraphy,"120,000","150,000","209,000",Premium
Attributed to Zhang Ruitu ,1576,1641,Rainy Landscape,1621,Works on Paper,"September 18, 2013",Christie's New York,Fine Chinese Paintings,"5,000","7,000","5,625",Premium
Zhang Ruitu ,1576,1641,Calligraphy,N/A,Works on Paper,"September 17, 2013",China Guardian  Beijing,35th China Guardian Quarterly Auctions - Classical Chinese Painting and Calligraphy (I),"2,451","4,084","2,818",Premium
Zhang Ruitu ,1576,1641,Calligraphy,N/A,Works on Paper,"September 17, 2013",China Guardian  Beijing,35th China Guardian Quarterly Auctions - Classical Chinese Painting and Calligraphy (II),817,"1,307",939,Premium
Zhang Ruitu ,1576,1641,Untitled,N/A,Works on Paper,"July 28, 2013",Poly International Auction Beijing,The 23rd Fine Arts Auction: Extension - Classic Chinese Painings & Calligraphy,N/A,N/A,"3,749",Premium
Zhang Ruitu ,1576,1641,Untitled,N/A,Works on Paper,"July 28, 2013",Poly International Auction Beijing,The 23rd Fine Arts Auction: Extension - Classic Chinese Painings & Calligraphy,N/A,N/A,"52,486",Premium
Zhang Ruitu ,1576,1641,Untitled,N/A,Works on Paper,"July 28, 2013",Poly International Auction Beijing,The 23rd Fine Arts Auction: Extension - Classic Chinese Painings & Calligraphy,"8,150","13,040","52,486",Premium
Zhang Ruitu ,1576,1641,Calligraphy,N/A,Works on Paper,"June 16, 2013",China Guardian  Beijing,34th China Guardian Quarterly Auctions - Classical Chinese Painting and Calligraphy,"8,150","13,040","18,745",Premium
Zhang Ruitu ,1576,1641,Calligraphy,N/A,Works on Paper,"May 10, 2013",China Guardian  Beijing,China Guardian 2013 Spring Auctions - Grand View: Chinese Painting Highlight,"455,560","618,260","523,894",Premium
Zhang Ruitu ,1576,1641,Calligraphy,N/A,Works on Paper,"March 25, 2013",China Guardian  Beijing,33rd China Guardian Quarterly Auctions - Chinese Painting and Calligraphy IX,"1,286","1,929","3,328",Premium
Zhang Ruitu ,1576,1641,"Du Fu's Poem ""Out Wandering"" In Cursive Script",N/A,Works on Paper,"March 21, 2013",Sotheby's New York,Fine Classical Chinese Paintings,"100,000","150,000","365,000",Premium
Zhang Ruitu ,1576,1641,Calligraphy,N/A,Works on Paper,"December 17, 2012",China Guardian  Beijing,32nd China Guardian Quarterly Auction - Chinese Painting and Calligraphy (V),801,"1,282",N/A,Bought In
Zhang Ruitu ,1576,1641,Calligraphy,N/A,Works on Paper,"December 17, 2012",China Guardian  Beijing,32nd China Guardian Quarterly Auction - Chinese Painting and Calligraphy (V),"1,603","3,206","11,060",Premium
Zhang Ruitu ,1576,1641,Seven-character Poem in Running Script,N/A,Works on Paper,"November 26, 2012",Christie's Hong Kong,Fine Chinese Classical Paintings and Calligraphy,"19,350","25,800","188,340",Premium
Zhang Ruitu ,1576,1641,Poems By Libai In Cursive Script,N/A,Works on Paper,"October 30, 2012",China Guardian  Beijing,China Guardian 2012 Autumn Auction - Classical Chinese Calligraphy,"96,060","160,100","132,562",Premium
Zhang Ruitu ,1576,1641,Untitled,N/A,Works on Paper,"October 29, 2012",Poly International Auction Beijing,The 20th Fine Artwork Auction - Lai Yi - Ancient Paintings & Calligraphies,N/A,N/A,736,Premium
Zhang Ruitu ,1576,1641,Calligraphy,1626,Works on Paper,"September 17, 2012",China Guardian  Beijing,31st China Guardian Quarterly Auction - Chinese Painting and Calligraphy VI,"3,160","6,320","14,899",Premium
Zhang Ruitu ,1576,1641,Landscape,N/A,Works on Paper,"September 17, 2012",China Guardian  Beijing,31st China Guardian Quarterly Auction - Chinese Painting and Calligraphy VIII,"3,160","6,320","3,634",Premium
Zhang Ruitu ,1576,1641,Pine,1632,Works on Paper,"September 17, 2012",China Guardian  Beijing,31st China Guardian Quarterly Auction - Chinese Painting and Calligraphy VIII,"3,160","6,320","30,889",Premium
Zhang Ruitu ,1576,1641,Landscape,N/A,Works on Paper,"September 17, 2012",China Guardian  Beijing,31st China Guardian Quarterly Auction - Chinese Painting and Calligraphy VIII,"3,160","6,320",N/A,Bought In
Zhang Ruitu ,1576,1641,Calligraphy In Running Script,N/A,Works on Paper,"September 13, 2012",Christie's New York,Fine Chinese Ceramics and Works of Art: Parts I and II,"12,000","15,000","15,000",Premium
Zhang Ruitu ,1576,1641,On West Garden Gathering In Cursive Script,N/A,Works on Paper,"September 13, 2012",Sotheby's New York,Fine Classical Chinese Paintings,"150,000","250,000","182,500",Premium
Zhang Ruitu ,1576,1641,[Untitled],N/A,Works on Paper,"August 12, 2012",Poly International Auction Beijing,The 19th Fine Artwork Auction - Ancient Paintings and Calligraphies,"5,498","9,426","23,486",Premium
Zhang Ruitu ,1576,1641,Shen Quanqis Poem In Running Script,N/A,Works on Paper,"July 07, 2012",Xiling Yinshe Hangzhou,2012 Spring Auction,"141,390","235,649","343,263",Premium
Zhang Ruitu ,1576,1641,Landscape,1628,Works on Paper,"June 18, 2012",China Guardian  Beijing,30th China Guardian Quarterly Auction - Chinese Painting and Calligraphy VII,"1,886","3,458","2,169",Premium
Zhang Ruitu ,1576,1641,Landscape,1638,Works on Paper,"June 18, 2012",China Guardian  Beijing,30th China Guardian Quarterly Auction - Chinese Painting and Calligraphy VII,"3,144","6,288","3,977",Premium
Zhang Ruitu ,1576,1641,Five-character Poem in Running Script,N/A,Works on Paper,"May 28, 2012",Christie's Hong Kong,Fine Chinese Classical Paintings and Calligraphy,"38,640","51,520","87,584",Premium
Zhang Ruitu ,1576,1641,Calligraphy In Running Script,1633,Works on Paper,"May 14, 2012",China Guardian  Beijing,2012 Spring Auction - Classical Chinese Calligraphy,"347,820","442,680",N/A,Bought In
Zhang Ruitu ,1576,1641,Calligraphy In Cursive Script,1631,Works on Paper,"May 14, 2012",China Guardian  Beijing,2012 Spring Auction - Classical Chinese Calligraphy,"600,780","869,550",N/A,Bought In
Zhang Ruitu ,1576,1641,Watching The Watertall,1626,Works on Paper,"May 14, 2012",China Guardian  Beijing,2012 Spring Auction - Classical Chinese Painting,"15,809","28,458","38,181",Premium
Zhang Ruitu ,1576,1641,Untitled,N/A,Works on Paper,"April 22, 2012",Poly International Auction Beijing,The 18th Fine Artwork Auction - Chinese Paintings & Calligraphy IV,N/A,N/A,729,Premium
Zhang Ruitu ,1576,1641,Calligraphy,N/A,Works on Paper,"March 26, 2012",China Guardian  Beijing,29th China Guardian Quarterly Auction - Chinese Painting and Calligraphy IX,"7,920","12,672","61,934",Premium
Zhang Ruitu ,1576,1641,Calligraphy,1634,Works on Paper,"March 26, 2012",China Guardian  Beijing,29th China Guardian Quarterly Auction - Chinese Painting and Calligraphy IX,"47,520","79,200","91,080",Premium
Zhang Ruitu ,1576,1641,Landscape,1636,Works on Paper,"March 26, 2012",China Guardian  Beijing,29th China Guardian Quarterly Auction - Chinese Painting and Calligraphy XI,158,475,"2,732",Premium
Zhang Ruitu ,1576,1641,Landscape,N/A,Works on Paper,"March 26, 2012",China Guardian  Beijing,29th China Guardian Quarterly Auction - Chinese Painting and Calligraphy XI,"4,752","9,504",N/A,Bought In
Zhang Ruitu ,1576,1641,Landscape,N/A,Works on Paper,"December 02, 2011",Council Beijing,Autumn 2011 Auction,"15,709","18,852","72,266",Premium
Zhang Ruitu ,1576,1641,Coastal Landscape,N/A,Works on Paper,"November 28, 2011",Christie's Hong Kong,Fine Chinese Classical Paintings and Calligraphy,"15,396","23,094",N/A,Bought In
Zhang Ruitu ,1576,1641,Seven-character Poem In Running Script,1633,Works on Paper,"November 12, 2011",China Guardian  Beijing,2011 Autumn Auctions- Magical Brushstrokes: Classical Chinese Calligraphy,"31,540","47,310","105,185",Premium
Zhang Ruitu ,1576,1641,Five-character Poem In Running Script,N/A,Works on Paper,"November 12, 2011",China Guardian  Beijing,2011 Autumn Auctions- Magical Brushstrokes: Classical Chinese Calligraphy,"504,640","599,260",N/A,Bought In
Zhang Ruitu ,1576,1641,Calligraphy In Cursive Script,1629,Works on Paper,"November 12, 2011",China Guardian  Beijing,2011 Autumn Auctions- Magical Brushstrokes: Classical Chinese Calligraphy,"283,860","346,940",N/A,Bought In
Zhang Ruitu ,1576,1641,Calligraphy In Running Script,1631,Works on Paper,"November 12, 2011",China Guardian  Beijing,2011 Autumn Auctions- Magical Brushstrokes: Classical Chinese Calligraphy,"867,350","1,182,750",N/A,Bought In
Zhang Ruitu ,1576,1641,[Untitled],N/A,Works on Paper,"October 25, 2011",Poly International Auction Beijing,The 16th Fine Artwork Auction- Chinese Painting and Calligraphy Part V,N/A,N/A,"131,969",Premium
Zhang Ruitu ,1576,1641,Landscape,1640,Works on Paper,"September 17, 2011",China Guardian  Beijing,27th China Guardian Quarterly Auction,"4,695","7,825",N/A,Bought In
Zhang Ruitu ,1576,1641,Landscape,1631,Works on Paper,"September 17, 2011",China Guardian  Beijing,27th China Guardian Quarterly Auction,"7,825","12,520","8,998",Premium
Zhang Ruitu ,1576,1641,Album of Letters,N/A,Works on Paper,"September 15, 2011",Christie's New York,A Connoisseur's Vision: Property from the Xu Hanqing Collection,"75,000","80,000",N/A,Bought In
Zhang Ruitu ,1576,1641,Ode On Residing In The Suburb In Running Script,N/A,Works on Paper,"September 13, 2011",Sotheby's New York,Fine Classical Chinese Paintings,"40,000","60,000","104,500",Premium
Zhang Ruitu ,1576,1641,Untitled,N/A,Works on Paper,"July 25, 2011",Poly International Auction Beijing,The 15th Fine Artwork Auction- Chinese Paintings and Calligraphy I,N/A,N/A,N/A,Bought In
Zhang Ruitu ,1576,1641,Grove,N/A,Works on Paper,"July 16, 2011",Xiling Yinshe Hangzhou,2011 Spring Auctions,"108,339","139,293","124,589",Premium
Zhang Ruitu ,1576,1641,Sutra in Cursive Script Calligraphy,1622,Works on Paper,"May 31, 2011",Christie's Hong Kong,Fine Chinese Classical Paintings and Calligraphy,"771,600","1,028,799","2,101,324",Premium
Zhang Ruitu ,1576,1641,Five-character Poem in Cursive Script Calligraphy,1625,Works on Paper,"May 31, 2011",Christie's Hong Kong,Fine Chinese Classical Paintings and Calligraphy,"77,160","102,880","118,312",Premium
Zhang Ruitu ,1576,1641,Landscape,N/A,Works on Paper,"December 05, 2010",Poly International Auction Beijing,"5-Year Anniversary Autumn Auction, Ancient Chinese Paintings and Calligraphy","24,013","28,516",N/A,Bought In
Zhang Ruitu ,1576,1641,Lotus poem in cursive script calligraphy,1636,Works on Paper,"December 04, 2010",Poly International Auction Beijing,"5-Year Anniversary Autumn Auction, Masterpieces Of Classical Chinese Symbolic Literati Painting And Calligraphy Evening Sale","390,234","480,288","504,302",Premium
Zhang Ruitu ,1576,1641,Five-character Poem in Running Script Calligraphy,N/A,Works on Paper,"November 30, 2010",Christie's Hong Kong,Fine Chinese Classical Paintings and Calligraphy,"12,880","19,320","17,710",Premium
Zhang Ruitu ,1576,1641,Hanging scroll,N/A,Works on Paper,"November 20, 2010",Poly International Auction Beijing,"12th Fine Arts Auction,Chinese Ancient Paintings & Calligraphy (II)","4,518","7,530",N/A,Bought In
Zhang Ruitu ,1576,1641,Autumn mountain,N/A,Works on Paper,"June 04, 2010",Council Beijing,Spring 2010 Auction,"2,929","4,394","68,905",Premium
Zhang Ruitu ,1576,1641,Seven-Character Poem in Running Script,N/A,Works on Paper,"May 28, 2010",Christie's Hong Kong,Fine Chinese Classical Paintings and Calligraphy,"12,839","15,407","87,311",Premium
Zhang Ruitu ,1576,1641,Six-Character Poem in Running Script,N/A,Works on Paper,"May 28, 2010",Christie's Hong Kong,Fine Chinese Classical Paintings and Calligraphy,"10,271","12,839","11,234",Premium
Zhang Ruitu ,1576,1641,[Untitled],N/A,Works on Paper,"March 24, 2010",Poly International Auction Beijing,10th Fine Arts Auctions- Chinese Classical Painting And Calligraphies,"5,168","8,121",N/A,Bought In
Zhang Ruitu ,1576,1641,[Untitled],N/A,Works on Paper,"March 24, 2010",Poly International Auction Beijing,10th Fine Arts Auctions- Chinese Classical Painting And Calligraphies,N/A,N/A,826,Premium
Zhang Ruitu ,1576,1641,[Untitled],N/A,Works on Paper,"March 24, 2010",Poly International Auction Beijing,10th Fine Arts Auctions- Chinese Classical Painting And Calligraphies,886,"1,181",992,Premium
Zhang Ruitu ,1576,1641,Running-Cursive Script Calligraphy,N/A,Works on Paper,"November 29, 2009",Christie's Hong Kong,Fine Chinese Classical Paintings and Calligraphy,"10,320","12,900","11,287",Premium
Zhang Ruitu ,1576,1641,Playing Qin under the Pine,N/A,Works on Paper,"November 29, 2009",Christie's Hong Kong,Fine Chinese Classical Paintings and Calligraphy,"10,320","12,900",N/A,Bought In
Zhang Ruitu ,1576,1641,Running Script Calligraphy,N/A,Works on Paper,"November 29, 2009",Christie's Hong Kong,Fine Chinese Classical Paintings and Calligraphy,"25,800","38,700",N/A,Bought In
Zhang Ruitu ,1576,1641,Landscape,N/A,Works on Paper,"November 24, 2009",Poly International Auction Beijing,2009 Autumn Auctions- Classical Chinese Painting and Calligraphy (Day Session),"46,846","61,485","52,467",Premium
Zhang Ruitu ,1576,1641,[Untitled],N/A,Works on Paper,"September 13, 2009",Poly International Auction Beijing,2009 Mid-Summer & 8th Fine Arts Auction- Chinese Paintings and Calligraphies Collection from Oversea,"7,322","11,716",N/A,
Zhang Ruitu ,1576,1641,[Untitled],N/A,Works on Paper,"September 13, 2009",Poly International Auction Beijing,2009 Mid-Summer & 8th Fine Arts Auction- Chinese Classical Paintings and Calligraphies,"1,464","2,196","1,640",Premium
Zhang Ruitu ,1576,1641,[Untitled],N/A,Works on Paper,"September 13, 2009",Poly International Auction Beijing,2009 Mid-Summer & 8th Fine Arts Auction- Chinese Classical Paintings and Calligraphies,732,"1,171",N/A,Bought In
Zhang Ruitu ,1576,1641,Excerpts from the Ode to a Country Retreat,N/A,Works on Paper,"May 26, 2009",Christie's Hong Kong,Fine Chinese Classical Paintings and Calligraphy,"10,320","12,900","11,287",Premium
Zhang Ruitu ,1576,1641,Running-Cursive Script Calligraphy,N/A,Works on Paper,"May 26, 2009",Christie's Hong Kong,Fine Chinese Classical Paintings and Calligraphy,"15,480","19,350","38,700",Premium
Zhang Ruitu ,1576,1641,Running Script Calligraphy,N/A,Works on Paper,"May 26, 2009",Christie's Hong Kong,Fine Chinese Classical Paintings and Calligraphy,"10,320","12,900","11,287",Premium
Zhang Ruitu ,1576,1641,Poem in Running Cursive Script,N/A,Works on Paper,"December 02, 2008",Christie's Hong Kong,Fine Chinese Classical Paintings and Calligraphy,"15,480","19,350","51,600",Premium
Zhang Ruitu ,1576,1641,Running Streams from the Mountain,1639,Works on Paper,"December 02, 2008",Christie's Hong Kong,Fine Chinese Classical Paintings and Calligraphy,"19,350","25,800","24,187",Premium
Zhang Ruitu ,1576,1641,Calligraphy In Xingshu,N/A,Works on Paper,"October 06, 2008",Sotheby's Hong Kong,Fine Chinese Paintings,"15,467","19,334","19,334",Premium
Zhang Ruitu ,1576,1641,Three Poems in Cursive Script Calligraphy,N/A,Works on Paper,"May 26, 2008",Christie's Hong Kong,Fine Chinese Classical Paintings and Calligraphy,"51,280","76,920","59,420",Premium
Zhang Ruitu ,1576,1641,Boating in spring river,N/A,Works on Paper,"December 01, 2007",Council Beijing,Autumn 2007 Auction,"6,093","7,447","15,165",Premium
Zhang Ruitu ,1576,1641,Landscape,N/A,Works on Paper,"November 30, 2007",Poly International Auction Beijing,2007 Autumn Auctions- Chinese Ancient Paintings and Calligraphies,"16,220","20,275","18,167",Premium
Zhang Ruitu ,1576,1641,Mountains and pines,N/A,Works on Paper,"November 30, 2007",Poly International Auction Beijing,2007 Autumn Auctions- Chinese Ancient Paintings and Calligraphies,"10,813","13,517",N/A,Bought In
Zhang Ruitu ,1576,1641,Pine,1628,Works on Paper,"November 26, 2007",Christie's Hong Kong,Fine Chinese Classical Paintings & Calligraphy,"19,290","25,720","20,897",Premium
Zhang Ruitu ,1576,1641,Poem in Cursive Script Calligraphy,N/A,Works on Paper,"November 26, 2007",Christie's Hong Kong,Fine Chinese Classical Paintings & Calligraphy,"12,860","19,290","54,976",Premium
Zhang Ruitu ,1576,1641,Poem in Cursive Script Calligraphy,N/A,Works on Paper,"November 26, 2007",Christie's Hong Kong,Fine Chinese Classical Paintings & Calligraphy,"7,715","10,288","24,112",Premium
Zhang Ruitu ,1576,1641,Poem in Cursive Script Calligraphy,N/A,Works on Paper,"November 26, 2007",Christie's Hong Kong,Fine Chinese Classical Paintings & Calligraphy,"12,860","15,431","34,914",Premium
Zhang Ruitu ,1576,1641,Poem in Running Script Calligraphy,N/A,Works on Paper,"November 26, 2007",Christie's Hong Kong,Fine Chinese Classical Paintings & Calligraphy,"12,860","15,431","38,001",Premium
Zhang Ruitu ,1576,1641,Orchid,N/A,Works on Paper,"June 02, 2007",Council Beijing,Spring 2007 Auction,"7,844","10,459","8,629",Premium
Zhang Ruitu ,1576,1641,Landscape,N/A,Works on Paper,"November 28, 2005",Christie's Hong Kong,Classical Chinese Paintings & Calligraphy,"25,800","32,250","49,020",Hammer
Zhang Ruitu ,1576,1641,Couple in running script calligraphy,N/A,Works on Paper,"October 26, 2003",Christie's Hong Kong,Fine Classical Chinese Paintings & Calligraphy,N/A,N/A,"5,814",Hammer
Zhang Ruitu ,1576,1641,Landscape and calligraphy,1624,Works on Paper,"November 03, 1997",Christie's Hong Kong,Fine Classical Chinese Paintings,"103,519","116,459","100,931",Hammer
Zhang Ruitu ,1576,1641,Poem in running script calligraphy,N/A,Works on Paper,"April 27, 1997",Christie's Hong Kong,Fine Classical Chinese Paintings & Calligraphy,"3,227","3,873","4,131",Hammer
